First,Last,Seat,Class,Confirmation
Camilla,May,19B,Coach,D536UP
Brooks,Rivers,14F,Coach,G290KH
Fay,Rowe,17B,Coach,P701VL
Agatha,Brewer,29C,Coach,I902ID
Lucile,Arnold,23F,Coach,J327BV
Claud,Brooks,12B,Business,M443PB
Ingrid,Maldonado,16C,Coach,K423LE
Lyn,Ferguson,10C,Business,O531PA
Marisol,Craig,Standby,,J750TB
Lidia,Schwartz,1A,First,U925TA
Mckinley,Cochran,6D,Business,R681FQ
Broderick,Mack,14D,Coach,E117JG
Alphonse,Nava,20F,Coach,P513PF
Gil,Floyd,3C,First,Y536AG
Abdul,Whitehead,11F,Business,V617HQ
Lona,Huffman,24E,Coach,V242RM
Sondra,Woodard,24C,Coach,V838LZ
Hillary,Tang,26E,Coach,E542YL
Dudley,Carr,Standby,,F805AT
Phoebe,Parrish,17F,Coach,S328QZ
Charity,York,9C,Business,U486UR
Riley,Rosario,Standby,,X270QF
Edwina,Melton,27F,Coach,P314JC
Tania,Mcfarland,3A,First,D631FF
Karina,Bennett,18A,Coach,U362YZ
Josue,Powell,13E,Business,B559RN
Darron,Gibson,21A,Coach,L751IT
Alexandria,Francis,23E,Coach,W924BQ
Michael,Gallagher,9A,Business,F373MO
Karrie,Navarro,17A,Coach,H889LW
Daren,Perry,29F,Coach,D650WO
Juliet,Vazquez,6B,Business,K509RV
Pilar,Baldwin,21B,Coach,H578LC
Breanna,Douglas,24F,Coach,I463ON
Lesley,Andersen,17E,Coach,R153QU
Jacinto,Lowery,13C,Business,I293AK
Earle,Nielsen,13B,Business,E974XH
Letitia,Bullock,Standby,,T899OG
Isreal,Bond,12E,Business,P390MK
Jami,Wu,15E,Coach,F132ZT
Consuelo,Chapman,29A,Coach,W273AJ
Latasha,Erickson,29E,Coach,J872CL
Adelaide,Shaffer,Standby,,E139NU
Wendi,Ramsey,12F,Business,V418NY
Latisha,Wilcox,3D,First,E132RN
Enoch,Farley,23A,Coach,Z219KQ
Adalberto,Arroyo,15D,Coach,V769SK
Bettye,Rollins,26A,Coach,A413QT
Germaine,Snyder,13F,Business,D263JT
Rich,Allison,8A,Business,T717FF
Candida,Small,14B,Coach,Z284XS
Camille,Clayton,7F,Business,X121LF
Elise,Finley,8C,Business,I725OV
Dorthy,Johnson,13D,Business,F386JB
Rayford,Bridges,4D,First,P561LN
Danette,Reid,18E,Coach,W603VD
Reyna,Duarte,18C,Coach,J218IL
Willian,Stein,27A,Coach,Q946JY
Lidia,Schwartz,1A,First,U925TA
Brendon,Webb,27B,Coach,I568DI
Hollis,Gonzales,11E,Business,K107UX
Pattie,Mccall,9D,Business,S146UD
Chrystal,Conner,Standby,,J855FM
Louisa,Espinoza,26B,Coach,I734UK
Kaitlyn,Rhodes,18D,Coach,C657NR
Bridgett,Mendez,18F,Coach,O484ZD
Katheryn,Potts,20D,Coach,Q301UV
Mitzi,Hess,7E,Business,F723TN
Elvis,Nolan,2C,First,H612AQ
Dusty,Frank,6A,Business,Y332KR
Rodrigo,Stone,10E,Business,S314BJ
Delilah,Callahan,2A,First,P499FQ
Sammie,Khan,Standby,,I485QC
Socorro,Mann,5F,Business,Z445ZV
Rafaela,Gentry,25A,Coach,P868YG
Kirsten,Griffith,27C,Coach,H697YE
Frederic,Landry,6F,Business,A417JD
Dominique,Moyer,10A,Business,G194CP
Mari,Grimes,29D,Coach,F373HS
Abby,Conway,Standby,,P140UF
Jewell,Hampton,5D,Business,F567LZ
Hilary,Ali,22C,Coach,A448NO
Lilly,Cross,19F,Coach,Y560LA
Lawanda,Kerr,Standby,,C519IO
Gerry,Boyd,2D,First,E254PR
Lavonne,Wade,15C,Coach,Y642XM
Michal,Carlson,26F,Coach,J262FP
Zelma,Cain,7A,Business,Y718JY
Rubin,Haynes,4B,First,R612PI
Rob,Morris,27D,Coach,N882AW
Treva,Meza,29B,Coach,T617GY
Felecia,Cantrell,28A,Coach,S485RT
Marcy,Hawkins,1D,First,Y271PT
Chadwick,Todd,19C,Coach,S899YW
Antwan,Figueroa,21E,Coach,G534JK
Vito,Leonard,16D,Coach,P385OL
Wilburn,Salinas,14C,Coach,P407II
Arden,Guerrero,13A,Business,R581DS
Suzette,Singleton,10D,Business,F434VB
Kisha,Bass,17D,Coach,R139WK
Christin,Olsen,8B,Business,T640EN
Neva,Marquez,22D,Coach,Z584CL
Hortencia,Mora,23D,Coach,T162NH
Lorna,Mayo,11C,Business,K230NA
Marquita,Holmes,16A,Coach,P510ZL
William,Franklin,Standby,,Q635TB
Jaclyn,Leach,8E,Business,K378TG
Rena,Case,25F,Coach,I946BF
Hai,Lam,25C,Coach,X755NP
Lizzie,Daugherty,22A,Coach,O127FP
Arnoldo,Orozco,14E,Coach,J845KU
Kris,Russell,28F,Coach,Q755EQ
Alden,Reyna,11D,Business,F535QT
Roslyn,Valdez,27E,Coach,V224VO
Cleo,Castro,3B,First,O594DW
Evangeline,Cantu,15B,Coach,S400DU
Lauri,Proctor,14A,Coach,Z566TO
Darrick,Jones,9B,Business,Y898EO
Dorian,Mcguire,22F,Coach,V951VI
Carmela,Koch,11B,Business,Z807UL
Freeman,Owens,2B,First,X225JQ
Boyce,Reilly,11A,Business,X350SX
Concetta,Fox,Standby,,E852YH
Daphne,Newton,5C,Business,U524VD
Maryanne,Patel,Standby,,F889VI
Theodora,Mitchell,9F,Business,B235CO
Carmelo,Liu,22E,Coach,A427PS
Brandie,Hurst,24B,Coach,G355OZ
Marissa,Marsh,15F,Coach,L385AF
Francine,Byrd,16F,Coach,Y519YK
Garfield,Ford,23B,Coach,P827VG
Ellsworth,Huff,25B,Coach,C687LQ
Bennett,Kane,8F,Business,F928HX
Edmundo,Tyler,7D,Business,D214FL
Malik,Smith,25E,Coach,T842LR
Gavin,Mcbride,21D,Coach,K424TT
Estela,Padilla,12D,Business,H717ZY
Millicent,Palacios,8D,Business,L434LW
Fatima,Graham,4C,First,U762BE
Moises,Baker,5E,Business,S324AB
Long,Durham,24D,Coach,R449QJ
Jeromy,Kelly,26C,Coach,J948XF
Hosea,Giles,28B,Coach,S289TN
Lidia,Schwartz,1A,First,U925TA
Reina,Phan,10B,Business,W403CF
Leigh,Dalton,21C,Coach,D524DR
Norris,Buchanan,25D,Coach,P652TM
Lidia,Schwartz,1A,First,U925TA
Lelia,Gilbert,Standby,,S570HQ
Jesse,Lucas,28E,Coach,S389XV
Korey,Edwards,20A,Coach,J996IB
Sydney,Lowe,16E,Coach,U212YG
Nelda,Rogers,17C,Coach,G430KP
German,Mays,15A,Coach,V231SQ
Raleigh,Morton,23C,Coach,A240GF
Polly,Garcia,20C,Coach,X760DR
Staci,Sawyer,Standby,,C138AU
Dona,Wyatt,20E,Coach,A222KW
Malinda,Simpson,4A,First,Q679VU
Mayra,Lewis,6E,Business,V170PK
Lawerence,Mejia,19D,Coach,F384EM
Sandy,Mccormick,5B,Business,K624BP
Dayna,Reyes,9E,Business,B795YI
Noe,Sanchez,20B,Coach,U424LW
Donovan,Maynard,6C,Business,O784IG
Tristan,Elliott,19E,Coach,D242NY
Jae,Kent,19A,Coach,I924NZ
Deena,Dillon,12A,Business,W132EE
Elvia,Miller,21F,Coach,L116WB
Shon,Wagner,18B,Coach,M116CI
Benita,Berry,26D,Coach,X631XQ
Lemuel,Tucker,28C,Coach,G650PB
Harland,Young,1C,First,S163PO
Omer,Torres,1B,First,V797YS
Waylon,Quintero,16B,Coach,C456ND
Keenan,Wright,10F,Business,B354UZ
Coy,Anthony,24A,Coach,K526ZW
Gaston,Escobar,28D,Coach,U506ZD
Gail,Poole,12C,Business,U338WE
Matilde,Livingston,7B,Business,H472EK
Shelby,Oliver,22B,Coach,W564AN
Melva,Sandoval,7C,Business,G276WA
Bella,Lawson,5A,Business,C686VC
