First,Last,Destination,Confirmation
Jesse,Lucas,Charlotte,S389XV
Germaine,Snyder,St Louis,D263JT
Matilde,Livingston,St Louis,H472EK
Korey,Edwards,Chicago,J996IB
Consuelo,Chapman,Chicago,W273AJ
Charity,York,Nashville,U486UR
Harland,Young,Little Rock,S163PO
Hillary,Tang,Nashville,E542YL
Waylon,Quintero,St Louis,C456ND
Sondra,Woodard,Nashville,V838LZ
Antwan,Figueroa,Atlanta,G534JK
Bettye,Rollins,Atlanta,A413QT
Latisha,Wilcox,Chicago,E132RN
Lorna,Mayo,Atlanta,K230NA
Melva,Sandoval,Nashville,G276WA
Agatha,Brewer,Chicago,I902ID
Elvia,Miller,Kansas City,L116WB
Fatima,Graham,Chicago,U762BE
Lelia,Gilbert,Atlanta,S570HQ
Wendi,Ramsey,Detroit,V418NY
Gail,Poole,Atlanta,U338WE
German,Mays,St Louis,V231SQ
Edmundo,Tyler,Cincinnati,D214FL
Bennett,Kane,Atlanta,F928HX
Ellsworth,Huff,St Louis,C687LQ
Hilary,Ali,Atlanta,A448NO
Carmelo,Liu,Denver,A427PS
Camille,Clayton,Denver,X121LF
Kisha,Bass,Detroit,R139WK
Michael,Gallagher,Chicago,F373MO
Isreal,Bond,Cincinnati,P390MK
Marcy,Hawkins,Chicago,Y271PT
Brendon,Webb,Louisville,I568DI
Zelma,Cain,Kansas City,Y718JY
Fay,Rowe,Denver,P701VL
Breanna,Douglas,Nashville,I463ON
Jeromy,Kelly,Atlanta,J948XF
Ingrid,Maldonado,Charlotte,K423LE
Wilburn,Salinas,Louisville,P407II
Karrie,Navarro,Memphis,H889LW
Gerry,Boyd,Charlotte,E254PR
Pattie,Mccall,Chicago,S146UD
Lidia,Schwartz,Atlanta,U925TA
Candida,Small,Chicago,Z284XS
Danette,Reid,Chicago,W603VD
Omer,Torres,St Louis,V797YS
Brandie,Hurst,Nashville,G355OZ
Lilly,Cross,Atlanta,Y560LA
Dorian,Mcguire,Atlanta,V951VI
Broderick,Mack,Charlotte,E117JG
Noe,Sanchez,Detroit,U424LW
Rayford,Bridges,Nashville,P561LN
Chadwick,Todd,Charlotte,S899YW
Carmela,Koch,Cincinnati,Z807UL
Rubin,Haynes,Minneapolis,R612PI
Latasha,Erickson,Cincinnati,J872CL
Socorro,Mann,Denver,Z445ZV
Dusty,Frank,Detroit,Y332KR
Edwina,Melton,Nashville,P314JC
Malinda,Simpson,Lexington,Q679VU
Camilla,May,Atlanta,D536UP
Pilar,Baldwin,Lexington,H578LC
Earle,Nielsen,Kansas City,E974XH
Willian,Stein,Nashville,Q946JY
Donovan,Maynard,St Louis,O784IG
Rich,Allison,Indianapolis,T717FF
Estela,Padilla,Nashville,H717ZY
Keenan,Wright,Detroit,B354UZ
Lidia,Schwartz,Atlanta,U925TA
Sammie,Khan,Cincinnati,I485QC
Lucile,Arnold,Detroit,J327BV
Kaitlyn,Rhodes,Omaha,C657NR
Long,Durham,Charlotte,R449QJ
Hortencia,Mora,Atlanta,T162NH
Rodrigo,Stone,Detroit,S314BJ
Dayna,Reyes,Atlanta,B795YI
Reina,Phan,Denver,W403CF
Darrick,Jones,Memphis,Y898EO
Theodora,Mitchell,Nashville,B235CO
Lidia,Schwartz,Atlanta,U925TA
Mayra,Lewis,Atlanta,V170PK
Jaclyn,Leach,Charlotte,K378TG
Polly,Garcia,Charlotte,X760DR
Staci,Sawyer,Denver,C138AU
Claud,Brooks,Kansas City,M443PB
Shelby,Oliver,Denver,W564AN
Leigh,Dalton,Denver,D524DR
Arden,Guerrero,Nashville,R581DS
Frederic,Landry,Nashville,A417JD
Lauri,Proctor,Denver,Z566TO
Kirsten,Griffith,Atlanta,H697YE
Bella,Lawson,St Louis,C686VC
Suzette,Singleton,Denver,F434VB
Malik,Smith,Nashville,T842LR
Katheryn,Potts,Chicago,Q301UV
Juliet,Vazquez,Chicago,K509RV
Boyce,Reilly,St Louis,X350SX
Dudley,Carr,Denver,F805AT
Coy,Anthony,Chicago,K526ZW
Hosea,Giles,Detroit,S289TN
Abdul,Whitehead,Atlanta,V617HQ
Francine,Byrd,Charlotte,Y519YK
Chrystal,Conner,Detroit,J855FM
Jacinto,Lowery,Atlanta,I293AK
Christin,Olsen,Louisville,T640EN
Darron,Gibson,Charlotte,L751IT
Deena,Dillon,Cincinnati,W132EE
Daphne,Newton,Nashville,U524VD
Felecia,Cantrell,Chicago,S485RT
Adalberto,Arroyo,Nashville,V769SK
Freeman,Owens,Nashville,X225JQ
Treva,Meza,St Louis,T617GY
Norris,Buchanan,Nashville,P652TM
Hai,Lam,Nashville,X755NP
Enoch,Farley,Nashville,Z219KQ
Garfield,Ford,Memphis,P827VG
Sandy,Mccormick,Detroit,K624BP
Lona,Huffman,Detroit,V242RM
Riley,Rosario,St Louis,X270QF
Michal,Carlson,Atlanta,J262FP
Dona,Wyatt,Atlanta,A222KW
Louisa,Espinoza,Memphis,I734UK
Concetta,Fox,Detroit,E852YH
Tania,Mcfarland,Memphis,D631FF
William,Franklin,Memphis,Q635TB
Abby,Conway,Denver,P140UF
Brooks,Rivers,Nashville,G290KH
Kris,Russell,Atlanta,Q755EQ
Lemuel,Tucker,Nashville,G650PB
Mckinley,Cochran,Cincinnati,R681FQ
Elise,Finley,Chicago,I725OV
Hollis,Gonzales,Memphis,K107UX
Marisol,Craig,St Louis,J750TB
Evangeline,Cantu,Charlotte,S400DU
Lesley,Andersen,Louisville,R153QU
Mari,Grimes,Nashville,F373HS
Adelaide,Shaffer,Detroit,E139NU
Lawerence,Mejia,Kansas City,F384EM
Mitzi,Hess,Chicago,F723TN
Cleo,Castro,Atlanta,O594DW
Elvis,Nolan,Atlanta,H612AQ
Sydney,Lowe,Cincinnati,U212YG
Daren,Perry,Chicago,D650WO
Letitia,Bullock,St Louis,T899OG
Vito,Leonard,St Louis,P385OL
Roslyn,Valdez,Chicago,V224VO
Delilah,Callahan,Denver,P499FQ
Rafaela,Gentry,Cincinnati,P868YG
Shon,Wagner,Minneapolis,M116CI
Tristan,Elliott,Atlanta,D242NY
Reyna,Duarte,Denver,J218IL
Neva,Marquez,Charlotte,Z584CL
Bridgett,Mendez,Kansas City,O484ZD
Gavin,Mcbride,Atlanta,K424TT
Lyn,Ferguson,Nashville,O531PA
Dorthy,Johnson,Chicago,F386JB
Alden,Reyna,Denver,F535QT
Lawanda,Kerr,Denver,C519IO
Lizzie,Daugherty,Denver,O127FP
Rena,Case,Detroit,I946BF
Moises,Baker,St Louis,S324AB
Rob,Morris,Denver,N882AW
Jami,Wu,Denver,F132ZT
Gaston,Escobar,Chicago,U506ZD
Arnoldo,Orozco,Charlotte,J845KU
Dominique,Moyer,St Louis,G194CP
Alphonse,Nava,Detroit,P513PF
Alexandria,Francis,Chicago,W924BQ
Jae,Kent,Chicago,I924NZ
Marissa,Marsh,Nashville,L385AF
Lidia,Schwartz,Atlanta,U925TA
Millicent,Palacios,Charlotte,L434LW
Benita,Berry,Louisville,X631XQ
Phoebe,Parrish,Atlanta,S328QZ
Karina,Bennett,Nashville,U362YZ
Nelda,Rogers,Denver,G430KP
Marquita,Holmes,Chicago,P510ZL
Jewell,Hampton,Louisville,F567LZ
Lavonne,Wade,Lexington,Y642XM
Maryanne,Patel,Atlanta,F889VI
Josue,Powell,Atlanta,B559RN
Raleigh,Morton,Nashville,A240GF
Gil,Floyd,Atlanta,Y536AG
